"survey_sector","providers","licensed_slots","survey_mean_multiplier","survey_temporal_cv","provider_residual_cv","expected_effective_slots"
"Centers",1650,112798,0.873872480967626,0.0464301753785946,0.15,98571.0681081863
"Homes",514,4264,0.968166304790152,0.0391365175320676,0.15,4128.2611236252
