"parameter","mean","q025","q50","q975"
"sigma",0.976383077912695,0.870506027087194,0.975432547558021,1.08775910944697
"phi",0.991970810766954,0.957341279056604,0.996572784227364,0.999910767235942
"precision",1.05926718744999,0.843499297496885,1.05111666797043,1.32223768870956
