"wave","sector","contacted","eligible_providers","response_rate","licensed_capacity","ability_capacity","ability_to_licensed","source_file"
"2024-07","Centers",1153,1392,0.828304597701149,93191,81318,0.872594993078731,"quarterly_survey_2024-07.xlsx"
"2024-07","Homes",501,546,0.917582417582418,4225,4165,0.985798816568047,"quarterly_survey_2024-07.xlsx"
"2024-10","Centers",1315,1411,0.931963146704465,102254,83907,0.820574256263814,"quarterly_survey_2024-10.xlsx"
"2024-10","Homes",451,546,0.826007326007326,4310,3928,0.911368909512761,"quarterly_survey_2024-10.xlsx"
"2025-04","Centers",1275,1452,0.878099173553719,103988,91898,0.883736584990576,"quarterly_survey_2025-04.xlsx"
"2025-04","Homes",479,536,0.89365671641791,4013,3969,0.989035634188886,"quarterly_survey_2025-04.xlsx"
"2025-07","Centers",1209,1419,0.85200845665962,94441,86752,0.918584089537383,"quarterly_survey_2025-07.xlsx"
"2025-07","Homes",471,536,0.878731343283582,3841,3789,0.986461858890914,"quarterly_survey_2025-07.xlsx"
